Index,Initial theta2,Initial omega1,Initial omega2,Period,Hamiltonian,Eig1,Eig2,Eig3,Eig4
0,0.31967161682615425,-0.6330714650297099,-2.1611577487114513,41.859927862376175,1.0855963424478428,0.9999999999993101,0.9999999999993101,0.99999999999994,0.99999999999994
1,0.3196720207136732,-0.6330719021942603,-2.1611572975530775,41.859928528136734,1.0855964999789358,0.9999999999997924,0.9999999999997924,0.9999999999265805,0.9999999999265805
2,0.3196728519238075,-0.633072803137255,-2.1611563678871786,41.85992990211369,1.0855968250869656,0.9999999999985064,0.9999999999985064,0.9999999993904666,0.9999999993904666
3,0.31967456741120304,-0.633074661494373,-2.161154449851978,41.85993273067419,1.0855974943757354,1.00000082162494,0.9999991783842618,0.9999999962427686,0.9999999962427686
4,0.31967810371985794,-0.6330784923470317,-2.161150495967145,41.859938561412804,1.085598874033622,0.9999999999872751,0.9999999999872751,0.9999999826302903,0.9999999826302903
5,0.31968539354196224,-0.6330863895770952,-2.161142345257074,41.859950583208025,1.085601718603638,1.0000000000255374,1.0000000000255374,0.9999999197835737,0.9999999197835737
6,0.3197004219299616,-0.6331026707312509,-2.1611255416431643,41.85997536936421,1.0856075834332426,0.9999999999213157,0.9999999999213157,0.9999996536584685,0.9999996536584685
7,0.31973140261777355,-0.6331362363677977,-2.161090899288208,41.86002647488005,1.0856196758122634,1.0000000001235336,1.0000000001235336,0.9999984981638534,0.9999984981638534
8,0.31979526276996006,-0.6332054348016397,-2.1610194824595954,41.86013185367562,1.0856446098485928,0.9999999997504649,0.9999999997504649,0.9999935963358159,0.9999935963358159
9,0.3199268690384986,-0.6333480847225588,-2.1608722650874954,41.8603491739803,1.0856960296196299,1.0000000027863665,1.0000000027863665,0.9999726498755683,0.9999726498755683
10,0.32019797040742043,-0.6336421147902649,-2.1605688447580396,41.86079748022816,1.085802097766066,0.9999999999885504,0.9999999999885504,0.9998836469931379,0.9998836469931379
11,0.3206512641214171,-0.6341342858812741,-2.1600610283345527,41.86154899340469,1.085979889422636,0.9999999999092848,0.9999999999092848,0.99959626523099,0.99959626523099
12,0.32140840513385366,-0.6349578702551014,-2.1592114676372125,41.862809644345944,1.0862780912106498,0.9999999992999955,0.9999999992999955,0.9987275191690408,0.9987275191690408
13,0.32267087048675286,-0.6363353148089256,-2.1577911493773705,41.86492675300633,1.0867787696045843,0.9999999946841943,0.9999999946841943,0.9961883415687294,0.9961883415687294
14,0.3247698223128541,-0.6386370292840238,-2.1554193925703884,41.868488768091815,1.0876208311763604,0.9999999605270389,0.9999999605270389,0.9889100885428458,0.9889100885428458
15,0.32824267259730955,-0.6424771954833642,-2.151466837551182,41.874499818393154,1.0890409213850614,0.968336740317834,0.968336740317834,0.9999999999986221,0.9999999999986221
16,0.33329709010450304,-0.6481371773849437,-2.145651445274577,41.88351664175519,1.091168941047258,0.919044310345615,0.919044310345615,0.9999999999937063,0.9999999999937063
17,0.3405888244663082,-0.6564509979881024,-2.1371316269489165,41.89710648841391,1.09437129625314,0.8073188538134346,0.8073188538134346,0.9999999999780318,0.9999999999780318
18,0.35097428567488986,-0.6685957863266873,-2.1247340733383133,41.91771462338186,1.0992161928872632,0.5692168491318844,0.5692168491318844,0.9999999999291052,0.9999999999291052
19,0.3654957975636811,-0.6861782047586891,-2.106888554457587,41.94919594364799,1.1065911902258212,0.11224145355731166,0.11224145355731166,0.9999999991203318,0.9999999991203318
20,0.3852782295842073,-0.7112672714765551,-2.0816392009805824,41.99765839808401,1.1178828040001716,-0.5767489952800394,-0.5767489952800394,0.999999999999699,0.999999999999699
21,0.40926313745015036,-0.7434692046806527,-2.049612709560742,42.06637273593442,1.1337661498661382,0.9999999999992947,0.9999999999992947,-0.9995906071245415,-0.9995906071245415
22,0.43743740379018003,-0.7838473250048342,-2.010080918225461,42.16377292764253,1.1560277737694338,-0.19908105322842104,-0.19908105322842104,0.9999999999959696,0.9999999999959696
23,0.4693965199337996,-0.8330958446925294,-1.9628443588273567,42.301278110848024,1.1869587790341032,0.9999999984088302,0.9999999984088302,0.9956420507097803,0.9956420507097803
24,0.5007705251029311,-0.8851571359944319,-1.9141244994340165,42.4716413398488,1.2244892079822076,0.9999999998417548,0.9999999998417548,-0.8019219547879548,-0.8019219547879548
25,0.5349159901736859,-0.9462085398073584,-1.858632043408107,42.70848343563953,1.275245445998586,0.9999999778576218,0.9999999778576218,0.9425150831986049,0.9425150831986049
26,0.5424145871119308,-0.9602516674462422,-1.8461221508970986,42.76917969981768,1.2879929432531458,-0.26841547518355025,-0.26841547518355025,0.9999999947812439,0.9999999947812439
27,0.5528516479174964,-0.9801884365887006,-1.8285266540455032,42.859630523110255,1.3067963092587966,5.188901081055975,1.0001439923830098,0.9998560233774213,0.19271903478471966
28,0.5659031561517356,-1.0057673234779967,-1.806234696998412,42.98336654103383,1.3321494463977994,286.785543730544,0.9999999993807642,0.9999999993807642,0.0034869261120562827
29,0.5801384048667028,-1.0344986669057963,-1.7815741088902397,43.133235266862336,1.3622948547461444,3314.710453931838,0.9999999811682716,0.9999999811682716,0.00030168546260472644
30,0.5826218329916243,-1.039600832674306,-1.7772365848012803,43.16110702243341,1.3678341716726625,4780.877062632717,0.9999722800461572,1.0000277201142542,0.00020916663693913763
31,0.5857169623013011,-1.0459972602161254,-1.7718164885650267,43.196601085410094,1.3748582765917892,7424.36571965033,0.9999999997257201,0.9999999997257201,0.00013469165815560772
32,0.5864189575544566,-1.0474538127857467,-1.7705850121830495,43.204770256809425,1.3764701602520004,8185.257279333855,0.9999989202012385,0.9999989202012385,0.00012217082172350186
33,0.5874532524685292,-1.0496037580250461,-1.7687691544063446,43.21688757743311,1.3788577959754775,9437.424309201346,1.000038124564781,0.9999618759590734,0.0001059610970297941
34,0.588847563955076,-1.0525094358253908,-1.7663185279154492,43.23337701464806,1.3821006654033283,11405.0686858722,0.9999999911146089,0.9999999911146089,8.768031567053817e-05
35,0.5906008070130447,-1.0561751472887122,-1.7632326735338157,43.25436563436085,1.3862179415199822,14415.861256936652,1.000000000271272,1.000000000271272,6.936806563591461e-05
36,0.591000853162434,-1.0570134509350908,-1.7625278810310152,43.25919480372036,1.3871636176110664,15198.754261492999,0.9999992892413152,0.9999992892413152,6.579484857342874e-05
37,0.5915918799718718,-1.0582532368471775,-1.7614861646831725,43.26635686792029,1.3885650014100883,16427.767149715946,1.0000000002525244,1.0000000002525244,6.0872562826778126e-05
38,0.5923916744030506,-1.0599333801722264,-1.760075617099676,43.276101192439235,1.390469478060738,18238.051730139035,0.9999871663468409,1.0000128332208296,5.4830373722431726e-05
39,0.5934023201237577,-1.0620604602772767,-1.7582917850626358,43.28850121037823,1.3928893810647462,20790.809525148237,0.9999986860800105,0.9999986860800105,4.8098156509779027e-05
40,0.5946771452456604,-1.0647499199349366,-1.7560394202048786,43.30428190003873,1.3959631890674,24485.618837410562,0.9999999642269091,0.9999999642269091,4.084028124777885e-05
41,0.5949207209833446,-1.0652645928184445,-1.7556087864098937,43.30731486406638,1.396553209788629,25257.791944373115,0.9999997015849487,0.9999997015849487,3.959171741066767e-05
42,0.5952810923266169,-1.0660265294739821,-1.7549714957482256,43.31181268212777,1.3974277534197501,26441.94420245834,0.9999912061330818,0.9999912061330818,3.781870348179531e-05
43,0.5958136902145313,-1.0671536465254619,-1.75402927277619,43.3184831628402,1.3987237679686397,28287.46764664544,0.9998836528477542,1.0001163569910125,3.5351409767534785e-05
44,0.5965347703657164,-1.0686816189296997,-1.7527529185280117,43.32755836097658,1.4004851277354016,30978.348186978077,0.99999946916819,0.99999946916819,3.2280641362019526e-05
45,0.5974465297679037,-1.0706168987146867,-1.7511379266629894,43.339106396915604,1.4027233159424224,34724.15345462735,0.9999993018334162,0.9999993018334162,2.8798358171704956e-05
46,0.5976652374905579,-1.0710816637616045,-1.7507503455690347,43.3418886648677,1.4032620421074995,35683.71767461656,0.9999990523077666,0.9999990523077666,2.8023938837437855e-05
47,0.5979888889454116,-1.071769823729647,-1.750176657734535,43.346014652677525,1.4040605788930938,37149.443473512314,1.0000580409512456,0.9999419594055493,2.6918292623438432e-05
48,0.5984278769033459,-1.0727039492535109,-1.7493982800013423,43.35162759462771,1.405146185796041,39227.88770787417,0.9998359965565192,1.0001640206781401,2.549209501340545e-05
49,0.5990227002803612,-1.0739710240293399,-1.7483431291079903,43.35926369657402,1.4066217772954417,42218.693952637295,0.9999983609814808,0.9999983609814808,2.3686275067224708e-05
50,0.5997756065892611,-1.0755770635384427,-1.7470068031472774,43.368979998104166,1.408497150803929,46311.55124314883,0.9999638193313649,0.9999638193313649,2.1592669002042213e-05
51,0.5999563405565196,-1.0759629602647238,-1.7466858953317244,43.37132086383995,1.4089486017339388,47348.64838571099,0.999998963245367,0.999998963245367,2.111983523067707e-05
52,0.6002238900100721,-1.0765344848499385,-1.7462107511176967,43.37479221134856,1.4096178112744004,48923.443778160254,1.0000447012920806,0.9999552997709126,2.0440018713049072e-05
53,0.6005869603458825,-1.0773105572658432,-1.745565801624883,43.37951447677827,1.4105276716580137,51139.41696571352,0.9998417900145882,1.000158230746616,1.955432746784952e-05
54,0.6010792407387076,-1.0783637416005885,-1.7446910171677021,43.38593865764064,1.4117645189794135,54295.26347214634,0.9999986018983746,0.9999986018983746,1.841779385752568e-05
55,0.6017028861903732,-1.0796994922497862,-1.7435822869829964,43.39411255784655,1.4133366933139424,58557.07626797162,0.9999952988884837,0.9999952988884837,1.7077483516654787e-05
56,0.6018526801082474,-1.0800205810264567,-1.7433158956063637,43.39608177166376,1.4137151947823772,59626.77144365944,0.99999914937994,0.99999914937994,1.6770907759488485e-05
57,0.6020744903869603,-1.0804962200374078,-1.742921371342837,43.3990019453248,1.4142762949270704,61244.58068461244,1.0000517022541502,0.9999482996154216,1.6327876933589504e-05
58,0.6023756117904152,-1.0811422747728963,-1.742385665375664,43.402974344738,1.4150392220206278,63507.216126194224,1.0001398222982962,0.9998601877835603,1.5746361669498686e-05
59,0.6027841173902411,-1.0820193567570937,-1.7416587087445525,43.40837827128689,1.4160764288513583,66703.10283975111,0.9999995514570106,0.9999995514570106,1.4991803637010563e-05
60,0.6033019968219622,-1.0831323206114116,-1.7407367688292572,43.41525381532974,1.4173950010647376,70973.30615953993,1.0000000009837087,1.0000000009837087,1.4089855988340551e-05
61,0.6034264472612634,-1.0833999495348499,-1.740515161862189,43.41691019975358,1.4177124753011192,72037.28572101479,0.999999447893368,0.999999447893368,1.3881742552314738e-05
62,0.6036107726979798,-1.083796463455788,-1.740186895445739,43.41936644862458,1.4181831268180325,73640.69104855113,0.9999857469868435,0.9999857469868435,1.35794884240748e-05
63,0.6038836281417309,-1.0843836930360509,-1.7397008756550383,43.42300889617675,1.4188807840135338,76076.87316724707,0.9998451204340986,1.0001548958369526,1.3144665225564229e-05
64,0.6042538787161083,-1.085181054421323,-1.739041201379097,43.42796390797797,1.4198292943899222,79504.3956308464,0.9999990051395606,0.9999990051395606,1.2577870242276532e-05
65,0.6047234109663763,-1.086193089760707,-1.7382043551344102,43.43426819081096,1.4210351738290425,84061.47204031365,0.9999998213765802,0.9999998213765802,1.1896007203984313e-05
66,0.6048362682160681,-1.0864364875744095,-1.7380031630022184,43.43578693711311,1.421325525749642,85193.0934754017,0.9999993634476472,0.9999993634476472,1.1737973914396876e-05
67,0.6050034405839141,-1.0867971286536413,-1.7377051092308875,43.4380390713846,1.4217559765359922,86895.60054043621,0.9999837530837506,0.9999837530837506,1.1508059800330187e-05
68,0.6052509434081631,-1.0873312915214586,-1.7372637602109489,43.44137880634361,1.4223940603827954,89476.26168609511,0.9998052344098644,1.0001947857945057,1.1176098034048725e-05
69,0.6055868660364391,-1.0880567121025286,-1.7366646010966047,43.44592197544038,1.4232616097578772,93094.74333822425,0.9999984880110142,0.9999984880110142,1.0741640687648496e-05
70,0.6060129881268388,-1.0889776285395152,-1.7359043301506454,43.451702191884614,1.4243646151098708,97884.71772884206,0.9999987732608198,0.9999987732608198,1.021618286188885e-05
71,0.6061154317016836,-1.089199143722276,-1.7357215159132453,43.45309467419493,1.4246302062121483,99070.64326415805,0.9999993297127747,0.9999993297127747,1.009389584007365e-05
72,0.606267193110308,-1.0895273840432915,-1.7354506650099313,43.45515956372324,1.4250239553301034,100852.2136786812,0.9999830571533896,0.9999830571533896,9.915392768377596e-06
73,0.6064919114627116,-1.0900136061414927,-1.7350495470898148,43.45822160985932,1.425607648536476,103547.0566061699,0.9998630498545298,1.000136968262919,9.65744586726559e-06
74,0.6067969706515929,-1.0906740153278256,-1.7345049086135416,43.46238699053144,1.4264012753841784,107314.32196028416,0.9999983313556511,0.9999983313556511,9.318472823321042e-06
75,0.6071840425577714,-1.0915125570255702,-1.7338136603729293,43.46768648951344,1.4274103419623572,112281.96424012669,0.9999984596507265,0.9999984596507265,8.906209385909492e-06
76,0.6072771148555731,-1.0917142841150949,-1.7336474168915328,43.468963154421004,1.4276533215064529,113508.62603501987,0.9999993482364713,0.9999993482364713,8.80983915511699e-06
77,0.6074150054256652,-1.092013221128892,-1.7334010978251893,43.47085629287765,1.4280135537028515,115349.01333343357,0.9999836578193688,0.9999836578193688,8.66931231406278e-06
78,0.6076192108458027,-1.0924560770776295,-1.733036269246023,43.473663631572606,1.4285475737751416,118127.58727008218,0.99984823150608,1.0001517783542888,8.465406045263074e-06
79,0.607896473164867,-1.0930576623311001,-1.7325408258133104,43.47748249671058,1.4292736854772246,122001.60850680422,0.9999986064396216,0.9999986064396216,8.19660199598344e-06
80,0.6082483576852923,-1.093821642717503,-1.7319118849373598,43.48234108345507,1.4301969485793644,127092.46365865279,0.9999995439404805,0.9999995439404805,7.868387037273046e-06
81,0.6083329828384341,-1.094005454227195,-1.7317606044828722,43.48351152304321,1.430419273589389,128346.55251310542,0.9999994075164843,0.9999994075164843,7.791267037610591e-06
82,0.6084583683829522,-1.0942778577032892,-1.731536440303104,43.48524713638588,1.4307488888981297,130225.99588748114,0.9999852541956672,0.9999852541956672,7.678989162547012e-06
83,0.6086440762540404,-1.0946814395986089,-1.7312043918609534,43.48782086785158,1.4312375319125046,133058.7229295278,1.0001836981714838,0.9998163186206283,7.515521447184086e-06
84,0.6088962642365202,-1.0952297384584537,-1.7307533995594842,43.49132192895276,1.4319019640570523,136998.95382091455,0.9999990915247023,0.9999990915247023,7.299185070476812e-06
85,0.6092163937271721,-1.0959261547425427,-1.7301807796781903,43.49577614599175,1.4327468339955396,142160.9085157154,0.9999999678543932,0.9999999678543932,7.034217828682807e-06
86,0.6092933933757115,-1.0960937283249457,-1.7300430282948067,43.49684916571424,1.432950287264299,143429.81987372597,0.9999994962065886,0.9999994962065886,6.972290003592435e-06
87,0.6094074885759386,-1.0963420803325294,-1.7298388984326345,43.49844031296844,1.4332519276549962,145329.5890745922,0.9999874671410793,0.9999874671410793,6.880990352606269e-06
88,0.6095764920266432,-1.0967100563812295,-1.7295364982654948,43.50079980597666,1.4336991076638812,148188.55968888433,0.9998850856794205,1.0001149223915582,6.748295083090656e-06
89,0.6098060294052728,-1.0972100349871992,-1.729125721067518,43.50400941735322,1.4343071774358727,152156.96062871884,0.9999995225269619,0.9999995225269619,6.572090268821039e-06
90,0.6100974618886456,-1.0978451660267399,-1.7286040730399026,43.50809280518959,1.4350804071038419,157341.5183379643,1.0000327644607494,0.999967232596769,6.3552770614630615e-06
91,0.610167568459187,-1.0979980077134543,-1.7284785687992998,43.50907648680401,1.435266613408249,158613.58122302566,0.999999590641111,0.999999590641111,6.3044125785510125e-06
92,0.6102714563876366,-1.0982245368453278,-1.7282925770717648,43.510535153484604,1.4355426867882137,160516.37639718043,0.9999898923677146,0.9999898923677146,6.229784480169727e-06
93,0.6104253548766608,-1.0985602015961258,-1.728017023760784,43.51269818411824,1.435951971315991,163375.92751336488,0.9998559671678423,1.0001440358822504,6.120869795346614e-06
94,0.6106344047739183,-1.0990163220318017,-1.727642670764907,43.51564053204928,1.436508525596396,167337.6986297296,0.9999997957548376,0.9999997957548376,5.975669547939432e-06
95,0.6108998713899081,-1.0995958123888983,-1.727167204540314,43.51938387047044,1.437216271348781,172500.82824228733,1.00000000365743,1.00000000365743,5.7970408557365555e-06
96,0.610963739339013,-1.099735276571311,-1.7270527989998568,43.52028563027861,1.4373867120634647,173765.48923106125,0.9999996823346506,0.9999996823346506,5.754924218765371e-06
97,0.6110583879988486,-1.099941987381983,-1.7268832463151478,43.52162281483072,1.4376394139096123,175655.71013311198,0.9999922210160915,0.9999922210160915,5.692988362683548e-06
98,0.611198611552664,-1.1002483049647362,-1.7266320288439256,43.52360569483407,1.4380140559472747,178492.8020825932,1.0000952576342124,0.9999047526565501,5.6020817265507486e-06
99,0.6113891089026017,-1.1006645832866409,-1.726290700635266,43.52630297247856,1.4385235146749005,182416.8528841138,0.9999999322502733,0.9999999322502733,5.481846332445935e-06
100,0.611631054257106,-1.1011935157567574,-1.7258571183700293,43.52973450360616,1.4391713912261488,187519.49251569307,1.0000475355272218,0.9999524692434665,5.332912765085275e-06
101,0.6116892696421933,-1.1013208224425894,-1.725752780686181,43.53056114627115,1.4393274175023856,188767.43381841015,0.9999997635197329,0.9999997635197329,5.2975956958731835e-06
102,0.6117755460546228,-1.1015095208855108,-1.7255981416449284,43.53178693993378,1.439558750371952,190631.33543112388,0.9999942570399987,0.9999942570399987,5.245199611622146e-06
103,0.6119033759282405,-1.1017891623990355,-1.7253690050496246,43.53360463527277,1.439901717237786,193425.75758431692,0.9998955384396284,1.0001044640357428,5.16977314391222e-06
104,0.6120770551451566,-1.10216921886133,-1.725057647635774,43.53607720419521,1.4403681125304297,197284.949496462,0.9999999808987292,0.9999999808987292,5.068597371820225e-06
105,0.61229767182714,-1.1026521773582116,-1.7246620861412925,43.539222838378215,1.4409612424940268,202291.94558255642,0.9999624505536024,0.9999624505536024,4.943432337027448e-06
106,0.6123537444751648,-1.102774961651886,-1.7245615384928248,43.540023208637656,1.441112117508076,203585.3859944795,0.9999997342598435,0.9999997342598435,4.911743866347283e-06
107,0.6124368469967438,-1.1029569594824038,-1.724412514014214,43.54121004299367,1.4413358136281964,205514.7276378835,0.9999936561719605,0.9999936561719605,4.86570495791228e-06
108,0.6125599779351225,-1.1032266767123684,-1.7241916910992057,43.54296996437148,1.4416674602206228,208406.07999567123,1.0000805002386166,0.9999195018407453,4.798295982214303e-06
109,0.6127272797163423,-1.1035932561090882,-1.723891619640335,43.545363940343805,1.4421184645744791,212396.69669418753,0.9999999701694251,0.9999999701694251,4.708262144791876e-06
110,0.6129398068945805,-1.1040591066490457,-1.7235103781452845,43.548409580321625,1.4426920269290693,217569.66367151163,0.9999499761283795,0.9999499761283795,4.596457384603469e-06
111,0.6129938254943073,-1.104177544715324,-1.7234134672974946,43.549184506941316,1.4428379255059047,218905.84924757673,0.9999997142526479,0.9999997142526479,4.56832473900668e-06
112,0.6130738853670878,-1.104353102757766,-1.7232698305726275,43.550333611056814,1.4430542440097365,220897.6635678768,0.9999930902921903,0.9999930902921903,4.5270844286479295e-06
113,0.6131925114189523,-1.1046132816162486,-1.7230569858905724,43.552037581285184,1.4433749543530334,223881.48191342014,1.0001987356085322,0.9998012758515452,4.4667360615476375e-06
114,0.6133536986426589,-1.1049669072566035,-1.722767745769267,43.55435544433854,1.4438110896926721,227997.32077909558,0.9999999535092386,0.9999999535092386,4.385855583151508e-06
115,0.6135584689685423,-1.1054163128896253,-1.7224002486878618,43.55730424606665,1.4443657476787157,233328.0931559031,0.9999370937342507,0.9999370937342507,4.2858964949823356e-06
116,0.6136105178314074,-1.105530572941628,-1.7223068286964989,43.55805453219286,1.44450683843663,234704.98650822707,0.9999996952793315,0.9999996952793315,4.260857483348526e-06
117,0.6136876598504062,-1.1056999402815353,-1.7221683636692948,43.55916709712483,1.4447160292592298,236756.1320082019,0.9999925929739242,0.9999925929739242,4.2238502988618e-06
118,0.6138019655503866,-1.105950949339925,-1.7219631776483375,43.56081688262693,1.4450261737519243,239827.69458650274,1.0000000023768432,1.0000000023768432,4.1698616560018545e-06
119,0.6139572882404041,-1.1062921210711902,-1.7216843357099758,43.563061036039365,1.4454479434929755,244062.21530757606,0.999999943728238,0.999999943728238,4.097184530111973e-06
120,0.614154618153572,-1.1067257152049579,-1.7213300345460776,43.56591605774755,1.445984336847197,249542.24976716266,0.9999248027603999,0.9999248027603999,4.007122798725873e-06
121,0.6142047774955286,-1.1068359579544704,-1.7212399663163191,43.56664248164581,1.4461207824318976,250957.673755861,0.9999996819195548,0.9999996819195548,3.98455376112085e-06
122,0.61427912039751,-1.1069993725775074,-1.7211064670634477,43.567719661547464,1.4463230866580439,253064.85919701634,0.9999921652237309,0.9999921652237309,3.9516577303747405e-06
123,0.6143892813383202,-1.1072415640078137,-1.720908635094096,43.569316973999825,1.4466230225871621,256219.2265726045,0.9999999986217212,0.9999999986217212,3.902794492263908e-06
124,0.6145389774348137,-1.10757075948548,-1.720639778415874,43.57148974653492,1.4470309123349452,260565.60178197763,0.9999999233794454,0.9999999233794454,3.837819117868888e-06
125,0.6147291681296545,-1.1079891474827197,-1.7202981502168706,43.574253951583444,1.4475496581768916,266186.04673058476,0.9999139672016146,0.9999139672016146,3.756848328207919e-06
126,0.6147775143164754,-1.1080955265450603,-1.7202113011114515,43.574957267366045,1.4476816154866898,267637.69917167304,0.9999996629935439,0.9999996629935439,3.736320438494748e-06
127,0.6148491711399672,-1.1082532159329932,-1.7200825712659933,43.57600018056757,1.4478772656840224,269797.5099603234,0.9999918182682088,0.9999918182682088,3.706559407449968e-06
128,0.6149553545028474,-1.1084869263871824,-1.7198918028514347,43.57754667850479,1.4481673377193918,273029.5618877342,0.9998796120203488,1.000120382686857,3.66267660531224e-06
129,0.6150996505767918,-1.1088046022612088,-1.7196325375969737,43.579650326598454,1.448561815939426,277480.729292579,0.9999999092454734,0.9999999092454734,3.603932097583322e-06
130,0.6152829888996704,-1.1092083629328424,-1.7193030835137075,43.58232658626743,1.4490635096223405,283232.48467140587,0.9999052095334602,0.9999052095334602,3.5305599876068944e-06
131,0.6153295946734177,-1.1093110252041125,-1.7192193269893343,43.583007524604476,1.4491911300242122,284717.9591669667,0.999999647843463,0.999999647843463,3.5125158301520105e-06
132,0.6153986730928593,-1.1094632068921992,-1.7190951792039026,43.5840172546684,1.4493803505637741,286926.8808156508,0.9999915602632093,0.9999915602632093,3.4851864555847532e-06
133,0.615501038139626,-1.1096887583237658,-1.7189111971689934,43.58551454505035,1.4496608912319617,290231.35297294264,1.0000320209805231,0.999967996201064,3.445762736767067e-06
134,0.6156401500559286,-1.1099953513477192,-1.7186611475214444,43.58755125494687,1.4500424098939106,294780.0637645478,0.9999998967091995,0.9999998967091995,3.392546980827546e-06
135,0.6158169091279968,-1.1103850381496918,-1.7183433917015491,43.59014235123329,1.4505276258257944,300658.4586908148,0.9998261668623984,1.0001738419972424,3.3263380640817245e-06
136,0.6158594526392812,-1.110478850872597,-1.718266906092632,43.590766528537,1.45064448574986,302089.9906466981,0.9999997739842765,0.9999997739842765,3.3101844498089295e-06
137,0.6159225121674082,-1.1106179180325524,-1.718153532017383,43.59169208922079,1.4508177533183155,304223.6638762241,0.9999944541452517,0.9999944541452517,3.287259701632271e-06
138,0.6160159632717327,-1.110824040663251,-1.7179855077014707,43.593064565137475,1.4510746449897538,307412.88584097754,1.0000511195748998,0.9999488928493554,3.2527364622006156e-06
139,0.6161429713806321,-1.1111042402922455,-1.7177571299232883,43.59493148892507,1.451424008312511,311798.40625040827,0.9999999808285895,0.9999999808285895,3.2071328543220183e-06
140,0.6163043677685619,-1.1114604075205452,-1.7174668870792467,43.59730657468987,1.451868338865828,317456.49650562066,0.999968615327387,0.999968615327387,3.149943914130457e-06
141,0.6163454001877189,-1.1115509754583446,-1.7173930921157496,43.5979108809178,1.4519813697086401,318912.4718117686,0.9999997639619962,0.9999997639619962,3.1358953472854358e-06
142,0.616406220803895,-1.1116852339749153,-1.7172837049639256,43.59880697527736,1.4521489603804092,321079.92716269824,0.999994482729939,0.999994482729939,3.1145125538387508e-06
143,0.616496355825396,-1.111884232335825,-1.7171215864029157,43.600135755674174,1.452397436330655,324318.7133967369,1.000246047244328,0.9997539710542949,3.0833814121747928e-06
144,0.6166188606777503,-1.1121547531099314,-1.7169012299464441,43.60194324006745,1.452735356527032,328770.56424053025,0.999999985290364,0.999999985290364,3.0415979253355197e-06
145,0.6167745404797769,-1.1124986269259118,-1.716621171758363,43.60424270396115,1.4531651366233085,334511.16740982403,0.9999692758394266,0.9999692758394266,2.9894995914855348e-06
146,0.6168141206125192,-1.1125860705430233,-1.7165499645635192,43.604827768668294,1.4532744666351682,335987.8282491225,0.999999769928829,0.999999769928829,2.9767440451793556e-06
147,0.6168727893574146,-1.1127156988180709,-1.7164444120218367,43.605695330305174,1.4534365705238774,338185.65841870423,0.9999945632995773,0.9999945632995773,2.956953648806719e-06
148,0.6169597370846259,-1.112907837017718,-1.7162879738004009,43.606981799704684,1.453676912526726,341468.92534524325,0.9999999971607041,0.9999999971607041,2.9281297904292876e-06
149,0.6170779133298653,-1.113169037358322,-1.716075332891175,43.6087317282491,1.454003772617451,345980.150171979,0.999999981253914,0.999999981253914,2.89016915304411e-06
150,0.6172280978425224,-1.1135010723556538,-1.7158050717655908,43.61095796689308,1.454419489091447,351794.38950410706,0.999970843933162,0.999970843933162,2.842910712219939e-06
151,0.6172662818372812,-1.1135855070709564,-1.7157363539715864,43.611524399933685,1.4545252420614885,353289.4032629674,0.9999997819750339,0.9999997819750339,2.8308747181657053e-06
152,0.6173228818509758,-1.1137106760677387,-1.7156344903641458,43.61236433322123,1.4546820426687983,355514.21503612347,0.999994713975303,0.999994713975303,2.812388061072337e-06
153,0.6174067653097342,-1.113896207216125,-1.715483516876269,43.61360983279339,1.4549145227014137,358836.9019318102,1.0001835276730497,0.9998164838352148,2.787015396248691e-06
154,0.6175207797994327,-1.114148430645089,-1.715278299019724,43.61530403004207,1.4552306923972145,363400.58042734116,0.9999999709459112,0.9999999709459112,2.7513847887825165e-06
155,0.617665680466991,-1.1144690625642664,-1.7150174641524591,43.61745936497228,1.455632815177001,369279.6350868711,0.9999731410522428,0.9999731410522428,2.7075680326367797e-06
156,0.6177025219769784,-1.1145505990173135,-1.7149511416451648,43.618007757090055,1.4557351105973666,370790.69059132156,0.9999997873737172,0.9999997873737172,2.696955612462766e-06
157,0.6177571327090196,-1.1146714726259992,-1.7148528275891792,43.6188209380586,1.4558867850565944,373039.11723490304,0.9999948903137259,0.9999948903137259,2.6809907218861497e-06
158,0.617838069472339,-1.1148506393744175,-1.7147071125300364,43.62002676693444,1.4561116656606945,376396.20912808547,1.0001025144332247,0.9998975090062691,2.656643780112868e-06
159,0.6179480816783187,-1.115094215243385,-1.7145090378254706,43.62166700023715,1.45641750185229,381005.4924686338,0.9999999986228938,0.9999999986228938,2.6236833671900584e-06
160,0.6180879006191715,-1.1154038618916557,-1.7142572743372007,43.62375368018356,1.4568064845812407,386940.6306286792,0.9999759558097621,0.9999759558097621,2.584534360310963e-06
161,0.6181234509353407,-1.1154826061753769,-1.714193257037682,43.62428460359226,1.456905437805161,388465.4516846752,0.9999997952090123,0.9999997952090123,2.5745573922327667e-06
162,0.6181761483412211,-1.1155993415571308,-1.7140983591204992,43.62507188079059,1.4570521571154744,390734.1688027617,0.9999951059196435,0.9999951059196435,2.5588567987788463e-06
163,0.6182542508189225,-1.1157723766058234,-1.7139577050101968,43.626239297340526,1.457269691743908,394120.7141706961,0.99999999143618,0.99999999143618,2.537232635790807e-06
164,0.6183604132242251,-1.1160076207825536,-1.7137665055074323,43.6278272785842,1.457565538972895,398768.84673959715,0.999999984454413,0.999999984454413,2.507425956741186e-06
165,0.6184953437231657,-1.1163066828997348,-1.7135234736328775,43.62984748168784,1.4579418196071416,404751.46623968834,0.9999791101608793,0.9999791101608793,2.4705781836821303e-06
166,0.6185296518986472,-1.1163827367794894,-1.7134616752923844,43.6303614906358,1.4580375420006533,406287.8197812912,0.999999795703189,0.999999795703189,2.461387833049934e-06
167,0.6185805086235663,-1.1164954846902642,-1.713370065768604,43.631123685968696,1.4581794712519383,408573.5578155386,0.9999953531739898,0.9999953531739898,2.4472778480785657e-06
168,0.6186558843333607,-1.1166626112665932,-1.7132342835050962,43.63225390904549,1.4583899046017597,411984.69310384267,1.0000000009718404,1.0000000009718404,2.427355322153884e-06
169,0.6187583427981992,-1.116889826781298,-1.7130497026006086,43.63379129634658,1.458676095512757,416665.0402175592,0.9999999854205036,0.9999999854205036,2.3995296188320097e-06
170,0.6188885697672825,-1.117178688855271,-1.7128150769274582,43.63574713231519,1.4590400968951744,422686.68688446865,0.9999823406493692,0.9999823406493692,2.3656353080402536e-06
171,0.6190540515244509,-1.1175458579347863,-1.7125169027542853,43.63823533086278,1.4595030382168717,430461.7289668444,0.9999999968059268,0.9999999968059268,2.3229017982653612e-06
172,0.6191983798076526,-1.1178661895137851,-1.7122568157101288,43.64040810073782,1.4599071659255336,437354.1407677821,0.999999999176345,0.999999999176345,2.286227596016972e-06
173,0.6192331228901529,-1.1179433141497075,-1.7121942029317059,43.64093150284248,1.4600044992778547,439029.06750103424,0.9999996764217538,0.9999996764217538,2.2776156129258145e-06
174,0.6192846240674409,-1.1180576490333634,-1.712101386483251,43.64170762680815,1.4601488169081076,441522.8363242673,0.9999923066832095,0.9999923066832095,2.2646726056065787e-06
175,0.6193609544468508,-1.1182271271385547,-1.7119638161720423,43.642858504074056,1.4603627909418582,445245.0843003856,0.999999998876459,0.999999998876459,2.245840503582661e-06
176,0.6194647096725484,-1.1184575380383273,-1.7117768062151164,43.64442398642046,1.4606537962908148,450352.51231733244,0.9999999170641782,0.9999999170641782,2.2202293908745823e-06
177,0.6195965834236582,-1.1187504598602043,-1.711539095451511,43.64641556461887,1.4610239195439432,456920.6725722886,0.9999210852381574,0.9999210852381574,2.1886339132287474e-06
178,0.619630114708264,-1.1188249528161667,-1.7114786495881837,43.646922290071444,1.461118075716095,458611.4913503011,0.9999996871959171,0.9999996871959171,2.1809431779508648e-06
179,0.6196798203173693,-1.118935387387511,-1.7113890442549382,43.64767368477521,1.4612576828197943,461121.3190071982,0.9999927486430034,0.9999927486430034,2.167869402155897e-06
180,0.6197534907027511,-1.119099086082742,-1.711256231386208,43.648787891488,1.4614646734661743,464866.6462694199,0.999999998858708,0.999999998858708,2.1513311969549248e-06
181,0.6198536325840219,-1.1193216435310573,-1.7110756847686903,43.65030349131134,1.4617461827751321,470004.121766677,0.999999945073605,0.999999945073605,2.12710044357462e-06
182,0.6199809176450354,-1.1196045876074705,-1.7108461833169433,43.65223160763289,1.4621042305400338,476608.7213731733,0.9999318768964172,0.9999318768964172,2.09868467694349e-06
183,0.6200132829058168,-1.119676544293663,-1.7107878237743506,43.652722185807775,1.462195315225169,478307.71822902386,0.9999997026792353,0.9999997026792353,2.0905065044689602e-06
184,0.6200612605251253,-1.1197832197006004,-1.710701310414089,43.653449636335644,1.462330368487724,480830.1624092681,0.9999931834187387,0.9999931834187387,2.0798161244381308e-06
185,0.6201323709451677,-1.1199413480021652,-1.7105730786054947,43.654528336738196,1.462530607990237,484593.4558269266,1.0000000014277173,1.0000000014277173,2.063595558049163e-06
186,0.6202290352015964,-1.1201563357676594,-1.710398755954331,43.655995637846985,1.4628029369809288,489754.0135276144,0.999999943819299,0.999999943819299,2.042390669496386e-06
187,0.6203519036651647,-1.1204296622012797,-1.7101771601986324,43.65786230742362,1.4631493106001843,496386.2274628212,0.9999427473321312,0.9999427473321312,2.014819374238341e-06
188,0.6203831465804445,-1.1204991740726387,-1.7101208098964782,43.65833725108402,1.4632374258576655,498091.0974101396,0.9999997351082022,0.9999997351082022,2.0077276473465253e-06
189,0.6204294609091665,-1.1206022258146968,-1.710037274324897,43.65904151781332,1.4633680765753003,500622.8102643569,0.9999936852334523,0.9999936852334523,1.9972580741622103e-06
190,0.6204981071364303,-1.1207549843834912,-1.7099134545251715,43.66008583950237,1.4635617891919601,504399.090344463,1.0001810285548107,0.9998189960888808,1.982786443932129e-06
191,0.6205914237237009,-1.1209626749084762,-1.7097451263993637,43.66150637584429,1.4638252427352691,509575.96095585334,0.9999999713114389,0.9999999713114389,1.9626250362974994e-06
192,0.6207100403924759,-1.1212267294579754,-1.7095311452925073,43.663313550354474,1.4641603297659391,516227.18529671035,0.9999532595559617,0.9999532595559617,1.93681835366463e-06
193,0.620740202792462,-1.121293884330679,-1.7094767303373968,43.66377335611529,1.4642455741510743,517935.7154666069,0.9999997342551337,0.9999997342551337,1.9311156086858323e-06
194,0.6207849157959041,-1.1213934425211263,-1.7093960630860698,43.664455175474814,1.4643719684265326,520473.44801576086,0.9999941823994478,0.9999941823994478,1.921604728073718e-06
195,0.6208511895612155,-1.1215410240498278,-1.7092764932176492,43.665466210528905,1.464559370719691,524257.88724094746,0.9999999946269273,0.9999999946269273,1.9071769758750813e-06
196,0.6209412829606205,-1.1217416789738255,-1.7091139396253774,43.66684146772615,1.4648142432290587,529444.5099583529,0.9999999744637484,0.9999999744637484,1.8890059246250408e-06
197,0.6210558057118403,-1.121996793714764,-1.7089072940799237,43.668591037350105,1.4651384179423501,536106.3849805323,0.9999629390221758,0.9999629390221758,1.8657980682095203e-06
198,0.6210849276715785,-1.1220616759342361,-1.7088547436104762,43.66903618617555,1.4652208866332108,537816.4743160764,0.9999997755762238,0.9999997755762238,1.8591238243205384e-06
199,0.6211280987175795,-1.1221578655476345,-1.7087768396989753,43.669696271384105,1.4653431655637554,540357.0772643781,0.99999464294607,0.99999464294607,1.8500280026125772e-06
200,0.621192087911403,-1.1223004551264597,-1.7086613643214743,43.67067507745902,1.46552446667864,544145.0151103055,0.9999999920018041,0.9999999920018041,1.8378382952868012e-06
201,0.6212790774020235,-1.1224943257810966,-1.7085043742650827,43.67200649429937,1.4657710424883708,549335.0517564656,0.9999999640174211,0.9999999640174211,1.8208058279270814e-06
202,0.6213896575298039,-1.1227408197300563,-1.7083047965802196,43.67370028961783,1.4660846663495777,555999.4832338348,0.9999714749288866,0.9999714749288866,1.798911626224357e-06
203,0.6214177774566354,-1.122803510329795,-1.7082540426211354,43.67413124730449,1.4661644512689884,557709.1299456623,0.9999998063772662,0.9999998063772662,1.7938657759429388e-06
204,0.6214594634438235,-1.1228964514360367,-1.7081788013422539,43.67477028908758,1.4662827511271077,560249.5752675158,0.9999951222307281,0.9999951222307281,1.78523950478056e-06
205,0.621521252305529,-1.1230342268982954,-1.7080672713355092,43.67571789047992,1.466458153059265,564036.517663419,1.0001097014110405,0.999890278960777,1.7723959430938214e-06
206,0.6216052522199804,-1.1232215547749194,-1.7079156423828985,43.677006860364564,1.466696706787845,569223.870925626,0.9999999893973899,0.9999999893973899,1.7570771105078097e-06
207,0.6217120347576993,-1.1234597344802064,-1.7077228757036138,43.678646654202495,1.4670001289178534,575883.0515283238,0.9999787069875714,0.9999787069875714,1.7370579774639193e-06
208,0.6217391894732068,-1.1235203113317005,-1.7076738530283906,43.67906387184858,1.4670773188505568,577590.351849085,0.9999998160329984,0.9999998160329984,1.7311437471493743e-06
209,0.6217794449515831,-1.1236101193171955,-1.7076011777457893,43.67968253913475,1.4671917712574971,580127.7284129648,0.9999955802146242,0.9999955802146242,1.72397727767078e-06
210,0.6218391142475791,-1.1237432515664032,-1.7074934500107812,43.68059992781455,1.467361469110255,583909.3621621815,0.9999999866489366,0.9999999866489366,1.7135390237870179e-06
211,0.6219202342127325,-1.1239242687585882,-1.707346987891091,43.68184780016348,1.4675922660097873,589088.1782622046,0.9999999930819121,0.9999999930819121,1.6977273070442767e-06
212,0.6220233582366097,-1.1241544288591478,-1.707160785697902,43.68343530937917,1.4678858236283054,595734.6139225593,0.9999845824444751,0.9999845824444751,1.6788842563488725e-06
213,0.6221544300765818,-1.1244470319346291,-1.7069241015743257,43.68545490770219,1.4682591914481762,604289.4162511826,0.9999999636136268,0.9999999636136268,1.6547642871284123e-06
214,0.6222758665439629,-1.1247181919322167,-1.7067047977010177,43.68732789618981,1.4686053646514479,612319.6889507379,0.9999967068364426,0.9999967068364426,1.6333084241149758e-06
215,0.6223051021562114,-1.1247834828134975,-1.7066519979714467,43.687779081541564,1.4686887415114658,614268.5629278452,0.9999995456259023,0.9999995456259023,1.6273739103298688e-06
216,0.6223484415909206,-1.1248802781226321,-1.7065737247001018,43.68844811791307,1.4688123668796078,617167.5085553633,0.9999890203244293,0.9999890203244293,1.6191483519316488e-06
217,0.6224126802434151,-1.1250237652957404,-1.7064577020977776,43.689440197070546,1.4689956640424588,621490.7231625734,0.9999999965811366,0.9999999965811366,1.6090484881378655e-06
218,0.6225000086163701,-1.125218855834376,-1.7062999685896352,43.69078966830956,1.469244953981868,627413.5671679174,0.9999996544114544,0.9999996544114544,1.5939171484035117e-06
219,0.6226110191080343,-1.125466899901835,-1.706099446633762,43.69250643156348,1.469562029049258,635021.3426348967,0.9999999927648404,0.9999999927648404,1.574560012222164e-06
220,0.6227445992432359,-1.1257654451957473,-1.705858136315893,43.69457421592502,1.4699438383880015,644293.8636616919,0.9999994819725082,0.9999994819725082,1.552750902641183e-06
221,0.622855436180294,-1.1260132195157766,-1.7056578945959324,43.69629158872595,1.4702608648248976,652086.8263730349,1.000123202709681,0.9998767974606351,1.5333510343855724e-06
222,0.6228821213025624,-1.1260728817005883,-1.7056096821120506,43.69670528700745,1.470337222458305,653976.5721791207,0.9999996885501192,0.9999996885501192,1.529174310867485e-06
223,0.6229216807882643,-1.126161333894228,-1.7055382076829355,43.69731873548658,1.4704504408233898,656787.2520818985,0.9999926861348267,0.9999926861348267,1.5233255159184137e-06
224,0.6229803188023315,-1.1262924568608264,-1.7054322594374207,43.69822838513909,1.4706183090569387,660976.3320008172,1.000000009779353,1.000000009779353,1.5136695378861192e-06
225,0.6230600374473761,-1.1264707431418315,-1.7052882155710238,43.69946572987744,1.4708466177565405,666711.989508444,0.9999999251054439,0.9999999251054439,1.5000482737874701e-06
226,0.6231613812787632,-1.1266974327860102,-1.7051050859296513,43.70103984505597,1.4711370108343917,674067.2896306706,0.9999299252479175,0.9999299252479175,1.4826825702909748e-06
227,0.6231871534964197,-1.126755088307769,-1.705058513114445,43.70144035147395,1.4712108865355455,675957.3790743144,0.999999732751679,0.999999732751679,1.4785633500493921e-06
228,0.6232253600901896,-1.1268405661712382,-1.7049894688124307,43.70203423830812,1.4713204250517187,678759.8266196535,0.9999934535799937,0.9999934535799937,1.4720290598557577e-06
229,0.6232819934660313,-1.1269672811268432,-1.7048871216297703,43.70291488065752,1.4714828376516165,682935.8252224858,1.0002996479455701,0.9997003568379293,1.4640699910468678e-06
230,0.6233589881719587,-1.1271395761570684,-1.7047479714097948,43.70411276765397,1.4717037273101878,688652.2942496017,0.9999999608042978,0.9999999608042978,1.4512041022187213e-06
231,0.6234568713994109,-1.1273586517139418,-1.7045710595898134,43.70563668455866,1.471984685337465,695982.0077137107,0.9999472464996286,0.9999472464996286,1.4363600684328035e-06
232,0.6234817640187298,-1.1274143714042584,-1.7045260673560663,43.706024418656206,1.4720561610323308,697863.5027264955,0.9999997626965795,0.9999997626965795,1.432584428414493e-06
233,0.6235186668880865,-1.127496979735912,-1.704459365824834,43.70659936603493,1.4721621411571855,700654.8488733993,0.9999941517261024,0.9999941517261024,1.4270138729999963e-06
234,0.6235733684314386,-1.127619441915402,-1.7043604903342424,43.70745192373395,1.4723192781647474,704813.5279447746,1.0003277396772212,0.999672246206242,1.4178683594191971e-06
235,0.6236477380365738,-1.1277859565365742,-1.7042260581008388,43.70861160809967,1.4725329935643998,710505.0616560569,0.9999999647990185,0.9999999647990185,1.407680602659337e-06
236,0.6237422860886824,-1.1279976857209169,-1.7040551411432632,43.71008692357455,1.472804827749135,717801.7542788466,0.9999617682061894,0.9999617682061894,1.393683118880422e-06
237,0.6237663309476309,-1.1280515375856903,-1.7040116728751875,43.710462291669955,1.4728739825842698,719672.9822540802,0.9999997526909994,0.9999997526909994,1.3887389194658973e-06
238,0.6238019772805695,-1.128131377176446,-1.70394723021039,43.71101890210899,1.4729765216530275,722450.5048450187,0.9999947978515666,0.9999947978515666,1.3841228126066043e-06
239,0.6238548168691177,-1.1282497358837467,-1.7038517021482256,43.71184426863361,1.47312855700054,726587.843318073,1.0001910692445921,0.9998089332687146,1.3757855621521895e-06
240,0.6239266562427978,-1.1284106728918515,-1.7037218191663899,43.71296696578572,1.473335334620666,732248.9928606552,0.9999999863445654,0.9999999863445654,1.365508401622793e-06
241,0.6240179895179168,-1.128615313215518,-1.703556682889392,43.71439522616741,1.4735983456206068,739505.5758289965,0.9999733302278389,0.9999733302278389,1.351434601918826e-06
242,0.6240412171840004,-1.128667362676103,-1.7035146841920843,43.71475862172451,1.473665256060403,741365.001161478,0.9999998013936335,0.9999998013936335,1.3494202174673152e-06
243,0.6240756522813944,-1.1287445304833388,-1.7034524197845744,43.71529747867919,1.4737644674325945,744126.1161760079,0.9999954028126794,0.9999954028126794,1.3445467905767775e-06
244,0.6241266970013382,-1.1288589293485751,-1.7033601197625896,43.71609651923854,1.4739115691606104,748238.3045788617,0.9999999873518277,0.9999999873518277,1.3373655941266871e-06
245,0.6241960972286512,-1.1290144838421452,-1.7032346239084941,43.71718340613798,1.4741116374731718,753863.9209396816,1.0003165026071716,0.999683507807375,1.3265697604725859e-06
246,0.6242843313287133,-1.1292122830549536,-1.7030750625105053,43.71856610883102,1.4743661157705272,761073.6814098392,0.9999820339281058,0.9999820339281058,1.3136885687333637e-06
247,0.6243964921575067,-1.129463769038369,-1.7028722187364347,43.72032514787032,1.4746897882736287,770338.4548001315,0.9999999664966567,0.9999999664966567,1.2985438117055777e-06
248,0.6244856604253274,-1.1296637403345315,-1.7027109463746681,43.721724696392386,1.4749472580089882,777777.3955931364,0.9999666335786688,0.9999666335786688,1.28539733962769e-06
249,0.6245083377144811,-1.1297146026158,-1.7026699300130004,43.72208078658621,1.4750127588747657,779684.0749151947,0.9999998071298951,0.9999998071298951,1.2831022064272875e-06
250,0.6245419570581148,-1.129790010617368,-1.702609121660978,43.722608810757436,1.4751098803019485,782514.193490561,0.9999951072219562,0.9999951072219562,1.277591949517212e-06
251,0.6245917929271815,-1.1299018012431992,-1.7025189794673994,43.723391787761386,1.4752538834650402,786728.7940962552,1.0000000030216998,1.0000000030216998,1.2715702358012813e-06
252,0.6246595503297726,-1.1300538103521882,-1.702396416336806,43.72445682392621,1.4754497379380447,792493.6248677785,0.9999999872667427,0.9999999872667427,1.2615523727213218e-06
253,0.6247456969827517,-1.1302471033138826,-1.7022405817921595,43.725811728075115,1.47569885710993,799879.9620049585,0.9999774810196985,0.9999774810196985,1.250570292788432e-06
254,0.6247676061401569,-1.1302962675062866,-1.702200947902334,43.72615645913059,1.4757622337813476,801771.6573349552,0.9999998084488362,0.9999998084488362,1.2463394998227786e-06
255,0.6248000869404943,-1.1303691583117488,-1.7021421887489263,43.72666763941464,1.4758562057139137,804580.6696455195,0.9999957100856864,0.9999957100856864,1.243132207859262e-06
256,0.6248482355974332,-1.130477218106976,-1.702055083439627,43.72742563929913,1.4759955394223923,808763.1482008717,1.0001892844413312,0.9998107456887975,1.23688305049703e-06
257,0.6249137000343584,-1.1306241557955057,-1.7019366478361144,43.72845670007139,1.4761850437606605,814482.975123372,1.0002022719406514,0.9997977075800955,1.2280909021834705e-06
258,0.624996933051659,-1.1308110027193328,-1.7017860586066407,43.72976838095747,1.4764260869002421,821810.4484720961,0.9999853616497727,0.9999853616497727,1.2179128491975735e-06
259,0.6251027411738508,-1.1310485712167837,-1.701594613387911,43.73143706529158,1.476732673999197,831220.5696569451,0.9999999520003775,0.9999999520003775,1.203658943074351e-06
260,0.625200789072277,-1.1312687593173432,-1.7014171972431633,43.732984603368045,1.47701694153014,840032.0316122575,0.9999979890643258,0.9999979890643258,1.1898923913424055e-06
261,0.6252243965076665,-1.1313217812447065,-1.7013744782358535,43.733357389262586,1.4770854098065613,842167.2645630476,0.9999995878903868,0.9999995878903868,1.1870302265518453e-06
262,0.6252593944654287,-1.1314003905622212,-1.7013111461985295,43.73391017058674,1.4771869309032475,845341.263865457,0.9999899504265359,0.9999899504265359,1.183670084784272e-06
263,0.6253112732440885,-1.1315169258896667,-1.7012172640555725,43.73472985882983,1.477337456940719,850069.8335795007,1.0000000019919737,1.0000000019919737,1.175177036956907e-06
264,0.6253818068974025,-1.131675384437596,-1.70108961805833,43.73584483157393,1.4775421818883885,856538.4455164527,0.9999997624028184,0.9999997624028184,1.167482089220064e-06
265,0.6254714813520231,-1.1318768749284693,-1.70092732423418,43.737263264162195,1.4778025821265421,864818.3917344597,0.9998671579075691,0.9998671579075691,1.156149681791029e-06
266,0.6254942869908404,-1.1319281232010132,-1.7008860485412123,43.73762415914254,1.477868828413488,866952.6335616334,0.9999996495261607,0.9999996495261607,1.1537712631882502e-06
267,0.6255280969480023,-1.13200410371914,-1.7008248554117886,43.738159307896794,1.4779670550277992,870106.0545989147,0.999991202433959,0.999991202433959,1.1491220904032637e-06
268,0.6255782152696203,-1.1321167428820595,-1.7007341430245475,43.73895284949495,1.4781126966864306,874803.0558709791,1.0001431123347297,0.9998569255134327,1.1431316823951977e-06
269,0.625646356502234,-1.132269905413826,-1.7006108049991882,43.74003225594988,1.478310779285322,881227.3037593081,0.9999998349002339,0.9999998349002339,1.1349017881596221e-06
270,0.6257329910014927,-1.1324646645595982,-1.700453985653164,43.74140544131347,1.4785627319707806,889450.3228796506,0.9998916999798443,0.9998916999798443,1.1245719230068285e-06
271,0.6257550239549933,-1.1325142013667615,-1.70041410163452,43.7417548237373,1.4786268293970313,891566.8899139233,0.9999996621122758,0.9999996621122758,1.1211122398401366e-06
272,0.6257876884986664,-1.1325876447542582,-1.700354971468647,43.74227290114819,1.4787218699512135,894697.0432832262,0.9999922719766241,0.9999922719766241,1.1173025373531243e-06
273,0.6258361094344503,-1.132696523554555,-1.7002673163517044,43.74304112834399,1.478862787954271,899358.5290909866,1.000000013229166,1.000000013229166,1.112248117418134e-06
274,0.6259019438878606,-1.1328445745474622,-1.7001481335361313,43.74408610061921,1.4790544467305642,905733.0690043967,0.9999999141416562,0.9999999141416562,1.1035278056317274e-06
275,0.6259856471481532,-1.1330328366401576,-1.699996594719366,43.74541547908561,1.4792982297051913,913892.6659653618,0.9999176462518591,0.9999176462518591,1.0925121449889996e-06
276,0.626006935012235,-1.1330807215017926,-1.6999580531227008,43.745753715442774,1.4793602489344204,915989.6145084293,0.9999996966889484,0.9999996966889484,1.090704662176639e-06
277,0.6260384950535546,-1.1331517159845343,-1.699900912915584,43.74625526496099,1.4794522081894352,919093.9776031354,0.9999932549509221,0.9999932549509221,1.0871912660132413e-06
278,0.62608527919511,-1.1332569651277842,-1.6998162069334402,43.74699898363545,1.4795885578342673,923716.2419384918,1.0002766751682177,0.9997233482779553,1.082346003572057e-06
279,0.6261488891485345,-1.133400082143763,-1.699701032465494,43.748010617977265,1.4797740039394376,930036.0617722778,0.9999999580598415,0.9999999580598415,1.075964351993584e-06
280,0.6262297656361905,-1.1335820727145962,-1.6995545876965175,43.749297584238725,1.4800098856729864,938125.7768524308,0.9999410567898384,0.9999410567898384,1.0656063523859234e-06
281,0.6262503349163248,-1.1336283629156627,-1.6995173411770006,43.749625029410204,1.4800698949860878,940201.6752201347,0.9999997552737943,0.9999997552737943,1.0634833209234985e-06
282,0.6262808297663169,-1.1336969934222498,-1.699462120733617,43.75011057726678,1.4801588741710971,943277.8872657821,0.9999941363300502,0.9999941363300502,1.0615229602367264e-06
283,0.6263260353375796,-1.1337987387326092,-1.6993802599091674,43.75083056776443,1.4802908055203923,947857.4681981409,0.9999999839308733,0.9999999839308733,1.0552000550988277e-06
284,0.6263874998595018,-1.1339370927095258,-1.6992689525671987,43.751809925678785,1.480470242991288,954117.8905159221,0.9999999499427429,0.9999999499427429,1.0476493627992711e-06
285,0.6264656499688905,-1.1341130288854357,-1.6991274225179782,43.75305583022551,1.480698482911742,962131.4715464248,0.99995998304606,0.99995998304606,1.0394705377288514e-06
286,0.6264855261419942,-1.134157779581489,-1.6990914255411902,43.75337282784301,1.4807565482907545,964185.2147941382,0.9999997988311988,0.9999997988311988,1.0365718669112647e-06
287,0.6265149935832166,-1.134224127881276,-1.6990380573535362,43.753842883588995,1.4808426452271375,967231.0851686515,0.9999949642009208,0.9999949642009208,1.0351599709726629e-06
288,0.6265586765464927,-1.134322490506077,-1.698958941686273,43.754539901518406,1.4809703032934203,971764.7643973043,1.0002585027064415,0.9997415004092165,1.0283264294498018e-06
289,0.6266180716380569,-1.1344562460345942,-1.6988513656432507,43.75548801086025,1.4811439293024495,977961.4424880473,0.9999999800312787,0.9999999800312787,1.0233027223246768e-06
290,0.6266935918686619,-1.1346263368850082,-1.6987145778324773,43.75669416136823,1.4813647781139099,985892.9869263072,0.9999741054777036,0.9999741054777036,1.0151761487165381e-06
291,0.6267127994332068,-1.1346696011946886,-1.6986797865913226,43.757001044165776,1.481420963322571,987923.6405487147,0.9999998466172111,0.9999998466172111,1.0121435446167793e-06
292,0.6267412757876901,-1.1347337460293687,-1.6986282057217654,43.75745610119531,1.4815042725438041,990937.1298417982,0.9999956751792658,0.9999956751792658,1.009669957287715e-06
293,0.626783489943966,-1.1348288426334059,-1.6985517390155547,43.75813087820481,1.4816277974665226,995421.9245062356,0.999999996930435,0.999999996930435,1.0044662853417732e-06
294,0.6268408886748537,-1.1349581582204795,-1.6984477636056485,43.75904873423349,1.4817958025625568,1001550.8351491143,0.9999999914707451,0.9999999914707451,9.991715632069852e-07
295,0.6269138718042158,-1.1351226050917704,-1.698315552102344,43.76021639690706,1.4820095025509077,1009394.8826028702,0.9999839069693881,0.9999839069693881,9.907798512677884e-07
296,0.6270066584325659,-1.1353317065356179,-1.6981474570406243,43.7617018603968,1.482281316518955,1019441.5079730209,0.9998554748545554,0.9998554748545554,9.814914592537832e-07
297,0.627092647399608,-1.135525523132923,-1.6979916673224822,43.76307947489105,1.4825333475373288,1028867.3195219161,0.9999968186360209,0.9999968186360209,9.718769779322034e-07
298,0.6271133525942261,-1.135572196724932,-1.6979541536358342,43.7634113272549,1.4825940521094876,1031146.0697347333,0.9999995701009854,0.9999995701009854,9.700654664785786e-07
299,0.6271440488221844,-1.1356413954989186,-1.697898537261681,43.76390341027388,1.4826840621278792,1034531.9135186642,0.9999901063001477,0.9999901063001477,9.658513698085163e-07
300,0.6271895528181857,-1.1357439830841487,-1.6978160896759154,43.76463309136006,1.4828175217680224,1039573.5568164212,1.0003502414736236,0.9996498215461311,9.606413941393305e-07
301,0.6272514229163921,-1.135883482040323,-1.6977039848470712,43.765625630731634,1.482999037556476,1046465.1552407201,0.9999997274720556,0.9999997274720556,9.572430177753737e-07
302,0.6273300886208838,-1.1360608738259204,-1.6975614411123527,43.766888304124535,1.4832299205693538,1055277.0811221637,0.9998703093682453,0.9998703093682453,9.473292348918243e-07
303,0.6273500955927318,-1.1361059944138634,-1.6975251867041,43.76720956834047,1.4832886582831257,1057547.880506678,0.9999996048456659,0.9999996048456659,9.459315799376497e-07
304,0.6273797572406119,-1.1361728913390452,-1.6974714365884689,43.767685950645955,1.4833757520628499,1060900.6894275371,0.9999914436147231,0.9999914436147231,9.434077880052279e-07
305,0.6274237280077178,-1.1362720671378466,-1.6973917549006263,43.76839234983699,1.4835048880348776,1065892.217379405,0.9999999808652844,0.9999999808652844,9.383768760316642e-07
306,0.6274835142521138,-1.136406928108463,-1.6972834095400366,43.769353219874795,1.4836805238580113,1072714.2938976632,0.9999998126235096,0.9999998126235096,9.32198126670659e-07
307,0.6275595316894904,-1.1365784242789263,-1.697145643889581,43.770575603969874,1.4839039286686107,1081437.9338659253,0.999897184204466,0.999897184204466,9.255699817577013e-07
308,0.6275788654801211,-1.1366220457872191,-1.6971106042219726,43.77088661714786,1.4839607640611572,1083682.298607554,0.9999997012943793,0.9999997012943793,9.229628343499516e-07
309,0.6276075291489835,-1.1366867203314766,-1.6970586548891327,43.77134779878284,1.4840450372881029,1086999.8034962176,0.9999926416880118,0.9999926416880118,9.196281249199638e-07
310,0.6276500209009493,-1.1367826020837515,-1.696981642106794,43.77203165758638,1.4841699914393676,1091937.9172992725,0.9999999961759483,0.9999999961759483,9.169101666616399e-07
311,0.6277077969209899,-1.136912985034815,-1.69687692446859,43.77296186696123,1.4843399401669615,1098686.0015277138,0.9999999090311292,0.9999999090311292,9.104746542062911e-07
312,0.6277812595903445,-1.137078788798412,-1.6967437695895338,43.77414524502137,1.4845561120104374,1107315.9817520422,0.9999250520695196,0.9999250520695196,9.030321940769093e-07
313,0.6277999439299381,-1.1371209628512933,-1.6967099021745948,43.77444633368508,1.4846111074550148,1109532.2654142375,0.9999997252262118,0.9999997252262118,9.001827001680895e-07
314,0.6278276448122521,-1.1371834915499968,-1.6966596906319926,43.774892798831424,1.4846926526012019,1112812.3789890902,0.9999936788158801,0.9999936788158801,8.988236886480208e-07
315,0.6278687096782658,-1.1372761926538295,-1.6965852534382626,43.775554835233976,1.4848135620158196,1117694.0318202442,1.0000000089999905,1.0000000089999905,8.954212018032396e-07
316,0.6279245462759512,-1.1374022516584714,-1.6964840367631069,43.776455360618705,1.4849780100434309,1124364.003008082,0.9999999640054662,0.9999999640054662,8.899467205518511e-07
317,0.6279955441012168,-1.1375625587555112,-1.6963553316562356,43.77760097519169,1.485187185926244,1132894.827738552,0.9999490710824582,0.9999490710824582,8.826748342832216e-07
